days_before_snapshot,baseline_chain_index_0_10
21,5.391121
20,5.412864
19,5.43572
18,5.459735
17,5.484952
16,5.511419
15,5.53918
14,5.56828
13,5.598762
12,5.63067
11,5.664044
10,5.698921
9,5.735338
8,5.773327
7,5.812913
6,5.854121
5,5.896965
4,5.941454
3,5.987589
2,6.03536
1,6.084749
0,6.135723
